,Extremities_Measured_Separately,Algorithm,Accuracy,Precision,Recall,F1
0,NO,Logistic Regression,0.7138083143964711,0.6894083969465649,0.775006704210244,0.7297058452215629
1,YES,Logistic Regression,0.7990241946263869,0.7941059865204176,0.8057119871279164,0.7998668885191348
2,NO,Random Forest,0.7212939446598048,0.7000973709834469,0.7712523464735854,0.7339543192548168
3,YES,Random Forest,0.8157331907498997,0.8209750102417043,0.8061142397425584,0.8134767607063123
