,Extremities_Measured_Separately,Algorithm,Accuracy,Precision,Recall,F1
0,NO,Logistic Regression,0.6726373479481352,0.6123895434462445,0.9064032697547684,0.7309382553284992
1,YES,Logistic Regression,0.7660740542708194,0.7317161477190441,0.8260217983651226,0.7760143350825547
2,NO,Random Forest,0.6478411977008421,0.6252570460868513,0.7042234332425068,0.662395079131159
3,YES,Random Forest,0.7475604865659671,0.745351879906349,0.7373297002724796,0.7413190877337169
