,Extremities_Measured_Separately,Algorithm,Accuracy,Precision,Recall,F1
0,NO,Logistic Regression,0.6686271888784922,0.6124108938036922,0.9033432191965489,0.7299564270152505
1,YES,Logistic Regression,0.765539366394867,0.7365110089523349,0.8207063898624967,0.7763325682223924
2,NO,Random Forest,0.6508488170030745,0.6319143819143819,0.7084119708816392,0.6679801703317656
3,YES,Random Forest,0.7514369736666221,0.754017305315204,0.7400916689134538,0.7469895911286482
