,Accuracy,F1,Importance,Precision,Recall
With Skew and Kurtosis (averages),0.7091130864857639,0.7303146891745143,,0.6837133974964033,0.7931383122135347
Without Skew and Kurtosis (averages),,,0.06249999999999999,,
