,Accuracy,Precision,Recall,F1
With Skew and Kurtosis (averages),0.7632836519181927,0.7526747571513748,0.7889849825690534,0.7697681400020976
Without Skew and Kurtosis (averages),0.7624649111081406,0.7511466911730335,0.789521319388576,0.7692509534254567
