,run,accuracy,f1,precision,recall
0,Baseline only,0.6712372329679375,0.7518951960133828,0.6712372329679375,0.6712372329679375
1,Advanced only,0.7072655168543529,0.7689536548995289,0.7072655168543529,0.7072655168543529
2,Fourier only,0.703617793407909,0.7812508629021124,0.703617793407909,0.703617793407909
3,Baseline and Fourier,0.728889969695836,0.8010760805413345,0.728889969695836,0.728889969695836
4,Advanced and Fourier,0.7401698529686856,0.7979107257172787,0.7401698529686856,0.7401698529686856
5,Baseline and Advanced,0.7108945340267125,0.7729643177177442,0.7108945340267125,0.7108945340267125
6,"Baseline, Advanced, and Fourier",0.7388791200568671,0.7975518846717234,0.7388791200568671,0.7388791200568671
