,run,accuracy,f1,precision,recall
0,Baseline only,0.6995959444797785,0.7947180713034808,0.6995959444797785,0.6995959444797785
1,Advanced only,0.7104829959968574,0.7741144533473444,0.7104829959968574,0.7104829959968574
2,Fourier only,0.7078079988027984,0.7887476332161212,0.7078079988027984,0.7078079988027984
3,Baseline and Fourier,0.7369710801002656,0.8113503723083115,0.7369710801002656,0.7369710801002656
4,Advanced and Fourier,0.7471098806539713,0.8083525892743227,0.7471098806539713,0.7471098806539713
5,Baseline and Advanced,0.7141868382655543,0.7784913811850327,0.7141868382655543,0.7141868382655543
6,"Baseline, Advanced, and Fourier",0.7467357551722847,0.8088116924380429,0.7467357551722847,0.7467357551722847
