,run,accuracy,f1,precision,recall
0,Baseline only,0.8851060645740582,0.9162279385689736,0.8851060645740582,0.8851060645740582
1,Advanced only,0.8612181525683714,0.8987098095433136,0.8612181525683714,0.8612181525683714
2,Fourier only,0.8635003180066594,0.9005709302484025,0.8635003180066594,0.8635003180066594
3,Baseline and Fourier,0.9190579520371133,0.9414993578043669,0.9190579520371133,0.9190579520371133
4,Advanced and Fourier,0.91511092820532,0.93835746692385,0.91511092820532,0.91511092820532
5,Baseline and Advanced,0.8928691683190542,0.9220551207893841,0.8928691683190542,0.8928691683190542
6,"Baseline, Advanced, and Fourier",0.9206666916083655,0.9424613673056833,0.9206666916083655,0.9206666916083655
